{
  "$schema": "https://developer.microsoft.com/en-us/json-schemas/teams/v1.15/MicrosoftTeams.schema.json",
  "manifestVersion": "1.15",
  "version": "1.2.0",
  "id": "<TEAMS_APP_ID>",
  "packageName": "HD Bldg. Suppliers",
  "developer": {
    "name": "HD Bldg. Suppliers",
    "websiteUrl": "https://<HOST_NAME>/",
    "privacyUrl": "https://<HOST_NAME>/privacy.html",
    "termsOfUseUrl": "https://<HOST_NAME>/termsofuse.html"
  },
  "icons": {
      "color": "pfalcon.jpg",
      "outline": "pfalcon.jpg"
  },
  "name": {
    "short": "HD Bldg. Pymt Svcs",
    "full": "RTP/RFP, ACH, Check Payable & Receivables System - Powered by U.S. Bank's Open Banking APIs."
  },
  "description": {
    "short": "Sample Real-time Payments app using Open Banking APIs.",
    "full": "Simple app to demonstrate deploying real-time payment using Microsoft Teams. It can be used as a Virtual Pos & Vendor Invoice Payment Systems"
  },
  "accentColor": "#1e0692",

  "configurableTabs": [
    {
      "configurationUrl": "https://<HOST_NAME>/configure",
      "scopes": [
        "groupchat"
      ],
      "canUpdateConfiguration": true,
      "context": [
        "meetingSidePanel",
        "meetingStage"
      ]
    }
  ],
  "staticTabs": [
    {
      "entityId": "rtpTxn",
      "name": "Real-time Payments",
      "contentUrl": "https://<HOST_NAME>/",
      "websiteUrl": "https://<HOST_NAME>/",
      "scopes": [
        "personal",
        "team"
      ]
    }
  ],
  "showLoadingIndicator": false,
  "permissions": [
      "identity",
      "messageTeamMembers"
  ],
  "validDomains": [
      "<HOST_NAME>"
  ],
  "defaultInstallScope": "meetings",
  "defaultGroupCapability":{
    "meetings": "tab",
    "team": "bot",
    "groupchat": "bot"
  }
}