{
    "$schema": "https://developer.microsoft.com/en-us/json-schemas/teams/v1.14/MicrosoftTeams.schema.json",
    "manifestVersion": "1.14",
    "version": "1.0.1",
    "id": "{{state.fx-resource-appstudio.teamsAppId}}",
    "packageName": "com.microsoft.teams.extension",
    "developer": {
        "name": "Teams App, Inc.",
        "websiteUrl": "https://www.example.com",
        "privacyUrl": "https://www.example.com/termofuse",
        "termsOfUseUrl": "https://www.example.com/privacy"
    },
    "icons": {
        "color": "{{config.manifest.icons.color}}",
        "outline": "{{config.manifest.icons.outline}}"
    },
    "name": {
        "short": "{{config.manifest.appName.short}}",
        "full": "{{config.manifest.appName.full}}"
    },
    "description": {
        "short": "{{config.manifest.description.short}}",
        "full": "{{config.manifest.description.full}}"
    },
    "accentColor": "#FFFFFF",
    "bots": [],
    "composeExtensions": [],
    "configurableTabs": [
        {
            "configurationUrl": "{{{state.fx-resource-frontend-hosting.endpoint}}}{{{state.fx-resource-frontend-hosting.indexPath}}}/config",
            "canUpdateConfiguration": true,
            "scopes": [
                "team",
                "groupchat"
            ],
            "context":[
                "channelTab",
                "privateChatTab",
                "meetingChatTab",
                "meetingDetailsTab",
                "meetingSidePanel",
                "meetingStage"
            ]
        }
    ],
    "staticTabs": [
        {
            "entityId": "index0",
            "name": "Dashboard",
            "contentUrl": "{{{state.fx-resource-frontend-hosting.endpoint}}}{{{state.fx-resource-frontend-hosting.indexPath}}}/tab",
            "websiteUrl": "{{{state.fx-resource-frontend-hosting.endpoint}}}{{{state.fx-resource-frontend-hosting.indexPath}}}/tab",
            "scopes": [
                "personal"
            ]
        }
    ],
    "permissions": [
        "identity",
        "messageTeamMembers"
    ],
    "validDomains": [
        "{{state.fx-resource-frontend-hosting.domain}}"
    ]
}